<!DOCTYPE hibernate-configuration PUBLIC "-//Hibernate/Hibernate Configuration DTD 3.0//EN"
        "http://www.hibernate.org/dtd/hibernate-configuration-3.0.dtd">
<hibernate-configuration>
    <session-factory>
        <!-- Database connection settings -->
        <property name="hibernate.connection.driver_class">org.sqlite.JDBC</property>
        <property name="hibernate.connection.url">jdbc:sqlite:mydatabase.db</property>
<!--        <property name="hibernate.connection.username"></property>-->
<!--        <property name="hibernate.connection.password"></property>-->

        <!-- SQL dialect -->
        <property name="hibernate.dialect">org.hibernate.community.dialect.SQLiteDialect</property>

        <!-- Echo all executed SQL to stdout -->
        <property name="hibernate.show_sql">true</property>

        <!-- Drop and re-create the database schema on startup -->
        <property name="hibernate.hbm2ddl.auto">update</property>

        <!-- Specify annotated entity classes -->
        <mapping class="shared.model.Player"/>
        <mapping class="shared.model.Squad"/>
        <mapping class="shared.model.Notification"/>
    </session-factory>
</hibernate-configuration>
